ID,COST_CAP_RATIOS,CORRELATION,SCENARIOS,FormulationType,Routing_Cost,Capacity,Fixed_Cost,ylp,RC,yint
5,9,0.8,64,StrongFormulationAndBoosting,100,897,14338,1,0,1
5,9,0.8,64,StrongFormulationAndBoosting,80,10,13191,0,0,0
5,9,0.8,64,StrongFormulationAndBoosting,67,45,10897,0,0,0
5,9,0.8,64,StrongFormulationAndBoosting,25,20,11041,0,0,0
5,9,0.8,64,StrongFormulationAndBoosting,78,50,5162,1,-883.313,1
5,9,0.8,64,StrongFormulationAndBoosting,98,61,13478,1,-3128.88,1
5,9,0.8,64,StrongFormulationAndBoosting,78,21,10324,0,0,0
5,9,0.8,64,StrongFormulationAndBoosting,100,897,14338,1,0,1
5,9,0.8,64,StrongFormulationAndBoosting,92,12,2725,1,-304.516,1
5,9,0.8,64,StrongFormulationAndBoosting,22,17,13478,0,5232.43,0
5,9,0.8,64,StrongFormulationAndBoosting,28,59,12474,1,-2230.54,1
5,9,0.8,64,StrongFormulationAndBoosting,75,37,9894,0.0155432,0,0
5,9,0.8,64,StrongFormulationAndBoosting,100,897,14338,1,-16454.8,1
5,9,0.8,64,StrongFormulationAndBoosting,52,23,5019,1,-2069.57,1
5,9,0.8,64,StrongFormulationAndBoosting,27,22,1578,1,-37.1192,1
5,9,0.8,64,StrongFormulationAndBoosting,23,38,3155,1,-4351.48,1
5,9,0.8,64,StrongFormulationAndBoosting,90,63,12044,0,0,0
5,9,0.8,64,StrongFormulationAndBoosting,100,897,14338,1,-28609.4,1
5,9,0.8,64,StrongFormulationAndBoosting,24,61,10037,1,-4564.31,1
5,9,0.8,64,StrongFormulationAndBoosting,42,53,1434,1,-457.049,1
5,9,0.8,64,StrongFormulationAndBoosting,91,23,5879,0,2540.76,0
5,9,0.8,64,StrongFormulationAndBoosting,97,23,6739,0,3464.14,0
5,9,0.8,64,StrongFormulationAndBoosting,97,49,12905,0,0,0
5,9,0.8,64,StrongFormulationAndBoosting,84,36,14195,0,0,0
5,9,0.8,64,StrongFormulationAndBoosting,84,26,10467,0,2896.47,0
5,9,0.8,64,StrongFormulationAndBoosting,100,897,14338,1,-2355.56,1
5,9,0.8,64,StrongFormulationAndBoosting,42,30,12905,0,2580.38,0
5,9,0.8,64,StrongFormulationAndBoosting,58,25,7456,1,-1797.19,1
5,9,0.8,64,StrongFormulationAndBoosting,26,11,3728,0,0,0
5,9,0.8,64,StrongFormulationAndBoosting,91,9,9320,0,3538.48,0
5,9,0.8,64,StrongFormulationAndBoosting,100,897,14338,1,0,1
5,9,0.8,64,StrongFormulationAndBoosting,54,57,9464,0,0,0
5,9,0.8,64,StrongFormulationAndBoosting,26,50,6022,1,-4163.79,1
5,9,0.8,64,StrongFormulationAndBoosting,79,53,4875,0.914434,0,1
5,9,0.8,64,StrongFormulationAndBoosting,62,19,5449,0,1060.54,0
5,9,0.8,64,StrongFormulationAndBoosting,92,12,10754,0,0,0
5,9,0.8,64,StrongFormulationAndBoosting,100,897,14338,1,0,1
5,9,0.8,64,StrongFormulationAndBoosting,69,30,4589,0.440165,0,1
5,9,0.8,64,StrongFormulationAndBoosting,20,21,5592,1,-315.398,1
5,9,0.8,64,StrongFormulationAndBoosting,41,47,10324,0.23144,0,0
5,9,0.8,64,StrongFormulationAndBoosting,79,21,3442,1,0,1
5,9,0.8,64,StrongFormulationAndBoosting,74,47,11901,0.867692,0,1
5,9,0.8,64,StrongFormulationAndBoosting,100,897,14338,1,0,1
5,9,0.8,64,StrongFormulationAndBoosting,96,52,8316,1,-11402.7,1
5,9,0.8,64,StrongFormulationAndBoosting,75,25,2295,1,-9995.69,1
5,9,0.8,64,StrongFormulationAndBoosting,99,14,10611,0,0,0
5,9,0.8,64,StrongFormulationAndBoosting,24,54,10180,0.34605,0,0
5,9,0.8,64,StrongFormulationAndBoosting,100,897,14338,1,-6118.36,1
5,9,0.8,64,StrongFormulationAndBoosting,44,16,7313,0,212.778,0
5,9,0.8,64,StrongFormulationAndBoosting,99,40,10324,1,-5509.45,1
5,9,0.8,64,StrongFormulationAndBoosting,83,28,1864,1,-62.9552,1
5,9,0.8,64,StrongFormulationAndBoosting,81,38,6596,0,245.218,0
5,9,0.8,64,StrongFormulationAndBoosting,92,63,11471,0,6376.44,0
5,9,0.8,64,StrongFormulationAndBoosting,100,897,14338,1,0,1
5,9,0.8,64,StrongFormulationAndBoosting,67,35,4158,1,-6334.96,1
5,9,0.8,64,StrongFormulationAndBoosting,89,17,1721,1,-722.414,1
5,9,0.8,64,StrongFormulationAndBoosting,34,21,4589,1,-3906.53,1
5,9,0.8,64,StrongFormulationAndBoosting,63,9,4302,1,-174.794,1
5,9,0.8,64,StrongFormulationAndBoosting,64,50,5162,1,-444.278,1
5,9,0.8,64,StrongFormulationAndBoosting,40,42,8173,0,0,0
4,5,0.8,32,StrongFormulationAndBoosting,100,613,3003,0,1534.93,0
4,5,0.8,32,StrongFormulationAndBoosting,54,59,1231,0,35.5339,0
4,5,0.8,32,StrongFormulationAndBoosting,45,110,1892,0,104.907,0
4,5,0.8,32,StrongFormulationAndBoosting,18,162,1862,0.194194,0,1
4,5,0.8,32,StrongFormulationAndBoosting,13,75,1231,1,-1188.36,1
4,5,0.8,32,StrongFormulationAndBoosting,73,199,2072,0,729.446,0
4,5,0.8,32,StrongFormulationAndBoosting,57,144,2102,0,97.8583,0
4,5,0.8,32,StrongFormulationAndBoosting,65,75,2582,0,1189.42,0
4,5,0.8,32,StrongFormulationAndBoosting,61,39,391,0.805806,0,0
4,5,0.8,32,StrongFormulationAndBoosting,100,613,3003,0,2846.15,0
4,5,0.8,32,StrongFormulationAndBoosting,13,144,2222,1,-95.6732,1
4,5,0.8,32,StrongFormulationAndBoosting,92,83,1712,0,647.319,0
4,5,0.8,32,StrongFormulationAndBoosting,13,156,901,1,0,1
4,5,0.8,32,StrongFormulationAndBoosting,93,140,1832,0,1543.89,0
4,5,0.8,32,StrongFormulationAndBoosting,66,134,2582,0,2334.84,0
4,5,0.8,32,StrongFormulationAndBoosting,100,613,3003,0,0,0
4,5,0.8,32,StrongFormulationAndBoosting,27,192,2793,0.194194,0,0
4,5,0.8,32,StrongFormulationAndBoosting,76,93,721,0,0,0
4,5,0.8,32,StrongFormulationAndBoosting,11,104,1201,0.805806,0,1
4,5,0.8,32,StrongFormulationAndBoosting,25,93,2613,0,0,0
4,5,0.8,32,StrongFormulationAndBoosting,31,168,361,0,82.8725,0
4,5,0.8,32,StrongFormulationAndBoosting,100,613,3003,0,2539,0
4,5,0.8,32,StrongFormulationAndBoosting,95,168,541,0,344.204,0
4,5,0.8,32,StrongFormulationAndBoosting,50,130,1622,0,1372.47,0
4,5,0.8,32,StrongFormulationAndBoosting,12,95,1472,0,0,0
4,5,0.8,32,StrongFormulationAndBoosting,15,118,2703,0,0,0
4,5,0.8,32,StrongFormulationAndBoosting,20,89,2162,0,0,0
4,5,0.8,32,StrongFormulationAndBoosting,23,61,2402,0,328.163,0
4,5,0.8,32,StrongFormulationAndBoosting,100,613,3003,0,293.738,0
4,5,0.8,32,StrongFormulationAndBoosting,34,53,631,1,0,1
4,5,0.8,32,StrongFormulationAndBoosting,72,168,2703,1,0,1
4,5,0.8,32,StrongFormulationAndBoosting,59,201,2643,0,173.902,0
4,5,0.8,32,StrongFormulationAndBoosting,32,83,2913,0,0,0
4,5,0.8,32,StrongFormulationAndBoosting,100,613,3003,0,1117.52,0
4,5,0.8,32,StrongFormulationAndBoosting,41,73,1532,0,721.185,0
4,5,0.8,32,StrongFormulationAndBoosting,73,126,1982,0,1107.73,0
4,5,0.8,32,StrongFormulationAndBoosting,33,114,451,0.20312,0,1
4,5,0.8,32,StrongFormulationAndBoosting,36,35,871,0.805806,0,0
4,5,0.8,32,StrongFormulationAndBoosting,100,613,3003,0,2856.74,0
4,5,0.8,32,StrongFormulationAndBoosting,96,144,1442,0,1353.66,0
4,5,0.8,32,StrongFormulationAndBoosting,22,160,2883,0.194194,0,0
4,5,0.8,32,StrongFormulationAndBoosting,59,162,451,0.805806,0,1
4,5,0.8,32,StrongFormulationAndBoosting,38,138,1802,0,1271.71,0
4,5,0.8,32,StrongFormulationAndBoosting,100,613,3003,0,2906.2,0
4,5,0.8,32,StrongFormulationAndBoosting,41,97,1712,0.21754,0,1
4,5,0.8,32,StrongFormulationAndBoosting,78,97,1802,0,352.742,0
4,5,0.8,32,StrongFormulationAndBoosting,30,146,1291,1,-389.184,1
4,5,0.8,32,StrongFormulationAndBoosting,42,190,1712,0,0,0
4,5,0.8,32,StrongFormulationAndBoosting,63,29,1141,0,1010.79,0
4,5,0.8,32,StrongFormulationAndBoosting,54,194,1442,0,487.845,0
4,5,0.8,32,StrongFormulationAndBoosting,97,160,1231,0.0263753,0,0
4,5,0.8,32,StrongFormulationAndBoosting,100,613,3003,0,2853.27,0
4,5,0.8,32,StrongFormulationAndBoosting,50,174,1502,1,0,1
4,5,0.8,32,StrongFormulationAndBoosting,35,178,2462,0,77.4373,0
4,5,0.8,32,StrongFormulationAndBoosting,34,75,1081,0.938323,0,0
4,5,0.8,32,StrongFormulationAndBoosting,47,67,2042,0,1356.56,0
4,5,0.8,32,StrongFormulationAndBoosting,100,613,3003,0,727.516,0
4,5,0.8,32,StrongFormulationAndBoosting,48,114,1892,1,-1199.1,1
4,5,0.8,32,StrongFormulationAndBoosting,97,29,2703,0,0,0
4,5,0.8,32,StrongFormulationAndBoosting,70,186,991,1,0,1
6,7,0.2,16,StrongFormulationAndBoosting,100,1805,2567,1,-258.672,1
6,7,0.2,16,StrongFormulationAndBoosting,92,11,1207,1,-4088.23,1
6,7,0.2,16,StrongFormulationAndBoosting,83,26,1797,1,-11503.4,1
6,7,0.2,16,StrongFormulationAndBoosting,29,29,2054,1,-9442.95,1
6,7,0.2,16,StrongFormulationAndBoosting,80,33,1233,1,-11894.5,1
6,7,0.2,16,StrongFormulationAndBoosting,100,1805,2567,1,0,1
6,7,0.2,16,StrongFormulationAndBoosting,44,9,360,1,-3970.05,1
6,7,0.2,16,StrongFormulationAndBoosting,100,1805,2567,1,0,1
6,7,0.2,16,StrongFormulationAndBoosting,55,48,1335,1,-26627.6,1
6,7,0.2,16,StrongFormulationAndBoosting,97,18,2105,0,0,0
6,7,0.2,16,StrongFormulationAndBoosting,12,9,2003,1,-2726.99,1
6,7,0.2,16,StrongFormulationAndBoosting,41,22,1284,1,-6204.07,1
6,7,0.2,16,StrongFormulationAndBoosting,93,60,1335,1,0,1
6,7,0.2,16,StrongFormulationAndBoosting,37,54,2362,1,-19267.9,1
6,7,0.2,16,StrongFormulationAndBoosting,85,47,1361,1,-14236.7,1
6,7,0.2,16,StrongFormulationAndBoosting,47,60,1926,1,-12814.8,1
6,7,0.2,16,StrongFormulationAndBoosting,100,1805,2567,1,0,1
6,7,0.2,16,StrongFormulationAndBoosting,58,22,2054,1,-2860.07,1
6,7,0.2,16,StrongFormulationAndBoosting,93,39,2259,1,-11700.2,1
6,7,0.2,16,StrongFormulationAndBoosting,47,24,1233,1,-6403.5,1
6,7,0.2,16,StrongFormulationAndBoosting,74,68,540,1,-7530.18,1
6,7,0.2,16,StrongFormulationAndBoosting,90,26,1592,1,-4592.53,1
6,7,0.2,16,StrongFormulationAndBoosting,100,1805,2567,1,0,1
6,7,0.2,16,StrongFormulationAndBoosting,90,36,745,0,0.263779,0
6,7,0.2,16,StrongFormulationAndBoosting,96,8,950,0,0,0
6,7,0.2,16,StrongFormulationAndBoosting,21,36,1335,1,-15411.8,1
6,7,0.2,16,StrongFormulationAndBoosting,47,7,514,1,-1184.81,1
6,7,0.2,16,StrongFormulationAndBoosting,100,1805,2567,1,-34.0159,1
6,7,0.2,16,StrongFormulationAndBoosting,27,27,565,1,-3468.37,1
6,7,0.2,16,StrongFormulationAndBoosting,86,25,411,1,0,1
6,7,0.2,16,StrongFormulationAndBoosting,43,61,2465,1,-6951.88,1
6,7,0.2,16,StrongFormulationAndBoosting,39,51,2157,1,-7109.06,1
6,7,0.2,16,StrongFormulationAndBoosting,42,22,1104,1,-6525.88,1
6,7,0.2,16,StrongFormulationAndBoosting,100,1805,2567,1,0,1
6,7,0.2,16,StrongFormulationAndBoosting,63,33,2542,1,-8387.19,1
6,7,0.2,16,StrongFormulationAndBoosting,97,49,1361,1,-2320.12,1
6,7,0.2,16,StrongFormulationAndBoosting,60,34,1130,1,-6007.59,1
6,7,0.2,16,StrongFormulationAndBoosting,76,37,1310,1,-3278,1
6,7,0.2,16,StrongFormulationAndBoosting,88,16,437,1,-3980,1
6,7,0.2,16,StrongFormulationAndBoosting,11,48,1772,1,-11110,1
6,7,0.2,16,StrongFormulationAndBoosting,38,60,2285,1,0,1
6,7,0.2,16,StrongFormulationAndBoosting,100,1805,2567,1,-1127.3,1
6,7,0.2,16,StrongFormulationAndBoosting,32,63,1643,1,-1848.98,1
6,7,0.2,16,StrongFormulationAndBoosting,25,33,1104,1,-7166.62,1
6,7,0.2,16,StrongFormulationAndBoosting,47,61,2234,1,-4647.56,1
6,7,0.2,16,StrongFormulationAndBoosting,79,36,1618,1,-4587.2,1
6,7,0.2,16,StrongFormulationAndBoosting,15,57,1361,1,-9184,1
6,7,0.2,16,StrongFormulationAndBoosting,100,1805,2567,1,-3860.22,1
6,7,0.2,16,StrongFormulationAndBoosting,58,52,1156,1,-23618.3,1
6,7,0.2,16,StrongFormulationAndBoosting,84,52,591,1,-13930,1
6,7,0.2,16,StrongFormulationAndBoosting,82,65,2080,1,-5435.62,1
6,7,0.2,16,StrongFormulationAndBoosting,85,34,463,1,-6147.88,1
6,7,0.2,16,StrongFormulationAndBoosting,100,1805,2567,1,0,1
6,7,0.2,16,StrongFormulationAndBoosting,24,27,1720,1,-10869,1
6,7,0.2,16,StrongFormulationAndBoosting,25,63,1412,1,-21591.5,1
6,7,0.2,16,StrongFormulationAndBoosting,73,20,2542,1,-452.5,1
6,7,0.2,16,StrongFormulationAndBoosting,22,8,437,1,-4492.93,1
6,7,0.2,16,StrongFormulationAndBoosting,23,27,2413,1,-4903.79,1
6,7,0.2,16,StrongFormulationAndBoosting,38,9,1900,0,0,0
6,7,0.2,16,StrongFormulationAndBoosting,52,13,1438,1,-2520.5,1
9,9,0.2,16,StrongFormulationAndBoosting,100,2397,25235,1,-3227.82,1
9,9,0.2,16,StrongFormulationAndBoosting,92,14,11861,0,0,0
9,9,0.2,16,StrongFormulationAndBoosting,83,34,17665,0,0,0
9,9,0.2,16,StrongFormulationAndBoosting,29,39,20188,-1.98E-11,0,0
9,9,0.2,16,StrongFormulationAndBoosting,80,43,12113,0.54098,0,1
9,9,0.2,16,StrongFormulationAndBoosting,92,35,24730,0,0,0
9,9,0.2,16,StrongFormulationAndBoosting,88,15,15898,0,2389.46,0
9,9,0.2,16,StrongFormulationAndBoosting,42,41,20440,0,3539.23,0
9,9,0.2,16,StrongFormulationAndBoosting,100,2397,25235,1,0,1
9,9,0.2,16,StrongFormulationAndBoosting,44,12,3533,1,-460.794,0
9,9,0.2,16,StrongFormulationAndBoosting,97,67,21450,0.0886167,0,0
9,9,0.2,16,StrongFormulationAndBoosting,89,61,8328,0.640287,0,1
9,9,0.2,16,StrongFormulationAndBoosting,21,55,9842,1,-3218.41,1
9,9,0.2,16,StrongFormulationAndBoosting,53,29,19936,0,0,0
9,9,0.2,16,StrongFormulationAndBoosting,96,61,14132,0.210985,0,0
9,9,0.2,16,StrongFormulationAndBoosting,63,81,22712,0.240297,0,1
9,9,0.2,16,StrongFormulationAndBoosting,100,2397,25235,0.098466,0,0
9,9,0.2,16,StrongFormulationAndBoosting,55,64,13122,0.901534,0,1
9,9,0.2,16,StrongFormulationAndBoosting,97,24,20693,0,0,0
9,9,0.2,16,StrongFormulationAndBoosting,12,12,19683,0,7671.48,0
9,9,0.2,16,StrongFormulationAndBoosting,41,29,12618,0,2123.13,0
9,9,0.2,16,StrongFormulationAndBoosting,93,79,13122,0,0,0
9,9,0.2,16,StrongFormulationAndBoosting,37,71,23216,0.361635,0,0
9,9,0.2,16,StrongFormulationAndBoosting,85,62,13375,5.92E-12,0,0
9,9,0.2,16,StrongFormulationAndBoosting,47,79,18926,0.901534,0,1
9,9,0.2,16,StrongFormulationAndBoosting,100,2397,25235,1,0,1
9,9,0.2,16,StrongFormulationAndBoosting,58,30,20188,0,0,0
9,9,0.2,16,StrongFormulationAndBoosting,93,52,22207,-1.98E-11,0,0
9,9,0.2,16,StrongFormulationAndBoosting,47,32,12113,0,0,0
9,9,0.2,16,StrongFormulationAndBoosting,74,90,5300,1,-5301.52,1
9,9,0.2,16,StrongFormulationAndBoosting,90,34,15646,-3.72E-11,0,0
9,9,0.2,16,StrongFormulationAndBoosting,37,24,23973,0,4858.74,0
9,9,0.2,16,StrongFormulationAndBoosting,58,79,5047,1,-17035.9,1
9,9,0.2,16,StrongFormulationAndBoosting,78,85,5552,1,-6492.76,1
9,9,0.2,16,StrongFormulationAndBoosting,100,2397,25235,0.970395,0,1
9,9,0.2,16,StrongFormulationAndBoosting,90,48,7319,0.622251,0,1
9,9,0.2,16,StrongFormulationAndBoosting,96,10,9337,0,0,0
9,9,0.2,16,StrongFormulationAndBoosting,21,48,13122,3.74E-12,0,0
9,9,0.2,16,StrongFormulationAndBoosting,47,10,5047,0.0212352,0,0
9,9,0.2,16,StrongFormulationAndBoosting,82,14,9590,0.0379749,0,0
9,9,0.2,16,StrongFormulationAndBoosting,44,79,9085,1,-4795.55,1
9,9,0.2,16,StrongFormulationAndBoosting,88,16,24478,0,0,0
9,9,0.2,16,StrongFormulationAndBoosting,100,2397,25235,1,0,1
9,9,0.2,16,StrongFormulationAndBoosting,27,36,5552,1,-2869.02,1
9,9,0.2,16,StrongFormulationAndBoosting,86,33,4038,1,-261.953,1
9,9,0.2,16,StrongFormulationAndBoosting,43,80,24226,0.201463,0,0
9,9,0.2,16,StrongFormulationAndBoosting,39,68,21198,0.292503,0,0
9,9,0.2,16,StrongFormulationAndBoosting,42,29,10851,1,-161.612,1
9,9,0.2,16,StrongFormulationAndBoosting,18,73,2524,1,-13238.2,1
9,9,0.2,16,StrongFormulationAndBoosting,31,20,20945,0,10208,0
9,9,0.2,16,StrongFormulationAndBoosting,100,2397,25235,1,0,1
9,9,0.2,16,StrongFormulationAndBoosting,63,43,24983,0,0,0
9,9,0.2,16,StrongFormulationAndBoosting,97,65,13375,0.485802,0,1
9,9,0.2,16,StrongFormulationAndBoosting,60,45,11104,0.902505,0,1
9,9,0.2,16,StrongFormulationAndBoosting,76,49,12870,0.0675897,0,0
9,9,0.2,16,StrongFormulationAndBoosting,88,21,4290,1,-1165.9,1
9,9,0.2,16,StrongFormulationAndBoosting,11,64,17412,1,-975.03,1
9,9,0.2,16,StrongFormulationAndBoosting,38,79,22459,0.261247,0,0
9,9,0.2,16,StrongFormulationAndBoosting,13,34,23216,0,2971.8,0
9,9,0.2,16,StrongFormulationAndBoosting,100,2397,25235,0.240297,0,1
9,9,0.2,16,StrongFormulationAndBoosting,32,83,16151,0.759703,0,1
9,9,0.2,16,StrongFormulationAndBoosting,25,43,10851,1,0,1
9,9,0.2,16,StrongFormulationAndBoosting,47,81,21955,-6.92E-11,0,0
9,9,0.2,16,StrongFormulationAndBoosting,79,48,15898,0,0,0
9,9,0.2,16,StrongFormulationAndBoosting,15,75,13375,1,0,0
9,9,0.2,16,StrongFormulationAndBoosting,64,73,13375,0.843179,0,1
9,9,0.2,16,StrongFormulationAndBoosting,100,2397,25235,1,0,1
9,9,0.2,16,StrongFormulationAndBoosting,58,69,11356,0.151187,0,0
9,9,0.2,16,StrongFormulationAndBoosting,84,69,5804,1,-4267.17,1
9,9,0.2,16,StrongFormulationAndBoosting,82,87,20440,0,0,0
9,9,0.2,16,StrongFormulationAndBoosting,85,45,4543,0.687817,0,1
9,9,0.2,16,StrongFormulationAndBoosting,97,41,16403,0,5297.29,0
9,9,0.2,16,StrongFormulationAndBoosting,14,40,9842,0.240297,0,0
9,9,0.2,16,StrongFormulationAndBoosting,66,69,6309,0.25924,0,0
9,9,0.2,16,StrongFormulationAndBoosting,100,2397,25235,1,0,1
9,9,0.2,16,StrongFormulationAndBoosting,24,36,16908,-7.49E-12,0,0
9,9,0.2,16,StrongFormulationAndBoosting,25,83,13880,1,-7866.47,1
9,9,0.2,16,StrongFormulationAndBoosting,73,27,24983,0,0,0
9,9,0.2,16,StrongFormulationAndBoosting,22,10,4290,1,0,0
9,9,0.2,16,StrongFormulationAndBoosting,23,36,23721,3.74E-12,0,0
9,9,0.2,16,StrongFormulationAndBoosting,38,12,18674,0,8901.8,0
9,9,0.2,16,StrongFormulationAndBoosting,52,17,14132,3.74E-12,0,0
9,9,0.2,16,StrongFormulationAndBoosting,57,18,14889,0,0,0
7,5,0.2,16,StrongFormulationAndBoosting,100,613,3005,0,0,0
7,5,0.2,16,StrongFormulationAndBoosting,54,70,1232,0.0307859,0,0
7,5,0.2,16,StrongFormulationAndBoosting,45,131,1893,0,0,0
7,5,0.2,16,StrongFormulationAndBoosting,18,193,1863,0.291485,0,0
7,5,0.2,16,StrongFormulationAndBoosting,13,90,1232,0.0387965,0,0
7,5,0.2,16,StrongFormulationAndBoosting,73,236,2074,0,0,0
7,5,0.2,16,StrongFormulationAndBoosting,57,171,2104,0,824.082,0
7,5,0.2,16,StrongFormulationAndBoosting,65,90,2585,0,0,0
7,5,0.2,16,StrongFormulationAndBoosting,61,46,391,0,0,0
7,5,0.2,16,StrongFormulationAndBoosting,100,613,3005,0,0,0
7,5,0.2,16,StrongFormulationAndBoosting,13,171,2224,0.935999,0,1
7,5,0.2,16,StrongFormulationAndBoosting,92,99,1713,0,932.669,0
7,5,0.2,16,StrongFormulationAndBoosting,13,186,902,0.957156,0,1
7,5,0.2,16,StrongFormulationAndBoosting,93,167,1833,0,0,0
7,5,0.2,16,StrongFormulationAndBoosting,66,159,2585,0,0,0
7,5,0.2,16,StrongFormulationAndBoosting,78,184,2765,0,0,0
7,5,0.2,16,StrongFormulationAndBoosting,16,186,2104,0,0,0
7,5,0.2,16,StrongFormulationAndBoosting,44,188,782,0.0428438,0,0
7,5,0.2,16,StrongFormulationAndBoosting,100,613,3005,0,0,0
7,5,0.2,16,StrongFormulationAndBoosting,27,229,2795,0.927592,0,1
7,5,0.2,16,StrongFormulationAndBoosting,76,111,722,0.596746,0,1
7,5,0.2,16,StrongFormulationAndBoosting,11,123,1202,0.0938939,0,0
7,5,0.2,16,StrongFormulationAndBoosting,25,111,2615,0,1434.52,0
7,5,0.2,16,StrongFormulationAndBoosting,31,200,361,0.901613,0,1
7,5,0.2,16,StrongFormulationAndBoosting,96,53,2014,0,1519.83,0
7,5,0.2,16,StrongFormulationAndBoosting,100,613,3005,0,0,0
7,5,0.2,16,StrongFormulationAndBoosting,95,200,541,0.383681,0,0
7,5,0.2,16,StrongFormulationAndBoosting,50,155,1623,0,0,0
7,5,0.2,16,StrongFormulationAndBoosting,12,114,1473,0.10402,0,0
7,5,0.2,16,StrongFormulationAndBoosting,15,140,2705,0.160085,0,1
7,5,0.2,16,StrongFormulationAndBoosting,20,106,2164,0.0428438,0,0
7,5,0.2,16,StrongFormulationAndBoosting,23,73,2404,0.30937,0,0
7,5,0.2,16,StrongFormulationAndBoosting,47,68,1803,0.69063,0,1
7,5,0.2,16,StrongFormulationAndBoosting,77,114,2675,0,0,0
7,5,0.2,16,StrongFormulationAndBoosting,100,613,3005,0,2175.39,0
7,5,0.2,16,StrongFormulationAndBoosting,34,63,631,1,-1663.21,1
7,5,0.2,16,StrongFormulationAndBoosting,72,200,2705,0,1573.97,0
7,5,0.2,16,StrongFormulationAndBoosting,59,239,2645,1,-42.5526,1
7,5,0.2,16,StrongFormulationAndBoosting,32,99,2915,0,0,0
7,5,0.2,16,StrongFormulationAndBoosting,99,186,2554,0,0,0
7,5,0.2,16,StrongFormulationAndBoosting,100,613,3005,0,836.281,0
7,5,0.2,16,StrongFormulationAndBoosting,41,87,1533,0.113099,0,0
7,5,0.2,16,StrongFormulationAndBoosting,73,150,1984,0.0057985,0,0
7,5,0.2,16,StrongFormulationAndBoosting,33,135,451,0.361067,0,0
7,5,0.2,16,StrongFormulationAndBoosting,36,41,872,0.960724,0,1
7,5,0.2,16,StrongFormulationAndBoosting,42,239,1833,0.0230829,0,0
7,5,0.2,16,StrongFormulationAndBoosting,65,222,872,0.496953,0,1
7,5,0.2,16,StrongFormulationAndBoosting,100,613,3005,0,2521.09,0
7,5,0.2,16,StrongFormulationAndBoosting,96,171,1443,0,0,0
7,5,0.2,16,StrongFormulationAndBoosting,22,191,2885,0,227.653,0
7,5,0.2,16,StrongFormulationAndBoosting,59,193,451,0.0724078,0,0
7,5,0.2,16,StrongFormulationAndBoosting,38,164,1803,0,7.18664,0
7,5,0.2,16,StrongFormulationAndBoosting,70,193,451,0.00819668,0,0
7,5,0.2,16,StrongFormulationAndBoosting,11,186,421,0.0407484,0,1
7,5,0.2,16,StrongFormulationAndBoosting,74,176,2494,0,0,0
7,5,0.2,16,StrongFormulationAndBoosting,97,123,1353,0,558.258,0
7,5,0.2,16,StrongFormulationAndBoosting,100,613,3005,0,2313.68,0
7,5,0.2,16,StrongFormulationAndBoosting,41,116,1713,0.0938939,0,0
7,5,0.2,16,StrongFormulationAndBoosting,78,116,1803,0,0,0
7,5,0.2,16,StrongFormulationAndBoosting,30,174,1293,0.957156,0,1
7,5,0.2,16,StrongFormulationAndBoosting,42,227,1713,0.000656709,0,0
7,5,0.2,16,StrongFormulationAndBoosting,63,34,1142,0,190.898,0
7,5,0.2,16,StrongFormulationAndBoosting,54,232,1443,0,787.992,0
7,5,0.2,16,StrongFormulationAndBoosting,97,191,1232,0.0421871,0,0
7,5,0.2,16,StrongFormulationAndBoosting,91,133,1563,0,0,0
7,5,0.2,16,StrongFormulationAndBoosting,100,613,3005,0,2192.92,0
7,5,0.2,16,StrongFormulationAndBoosting,50,208,1503,0,44.3959,0
7,5,0.2,16,StrongFormulationAndBoosting,35,212,2464,0,1103.6,0
7,5,0.2,16,StrongFormulationAndBoosting,34,90,1082,1,-12.4862,1
7,5,0.2,16,StrongFormulationAndBoosting,47,80,2044,0.00541306,0,0
7,5,0.2,16,StrongFormulationAndBoosting,39,51,2104,0,916.406,0
7,5,0.2,16,StrongFormulationAndBoosting,80,126,1773,0,1037.15,0
7,5,0.2,16,StrongFormulationAndBoosting,49,186,481,0.449124,0,0
7,5,0.2,16,StrongFormulationAndBoosting,100,613,3005,0,939.502,0
7,5,0.2,16,StrongFormulationAndBoosting,48,135,1893,0.00819668,0,0
7,5,0.2,16,StrongFormulationAndBoosting,97,34,2705,0,834.49,0
7,5,0.2,16,StrongFormulationAndBoosting,70,222,992,0.0814419,0,0
7,5,0.2,16,StrongFormulationAndBoosting,98,203,2104,0,11.3385,0
7,5,0.2,16,StrongFormulationAndBoosting,27,171,2164,0,208.161,0
7,5,0.2,16,StrongFormulationAndBoosting,10,32,541,0.136487,0,0
7,5,0.2,16,StrongFormulationAndBoosting,65,70,2224,0,0,0
7,5,0.2,16,StrongFormulationAndBoosting,81,138,1533,0.910361,0,1
8,9,0.8,16,StrongFormulationAndBoosting,100,1150,14766,0.132359,0,0
8,9,0.8,16,StrongFormulationAndBoosting,80,13,13585,0,0,0
8,9,0.8,16,StrongFormulationAndBoosting,67,57,11223,0.669028,0,1
8,9,0.8,16,StrongFormulationAndBoosting,25,26,11370,0.0648951,0,0
8,9,0.8,16,StrongFormulationAndBoosting,78,64,5316,0.867641,0,1
8,9,0.8,16,StrongFormulationAndBoosting,98,78,13880,0.848226,0,1
8,9,0.8,16,StrongFormulationAndBoosting,78,26,10632,0,0,0
8,9,0.8,16,StrongFormulationAndBoosting,41,9,5612,0,3515.89,0
8,9,0.8,16,StrongFormulationAndBoosting,70,35,2068,1,-3781.29,1
8,9,0.8,16,StrongFormulationAndBoosting,100,1150,14766,0.0595723,0,0
8,9,0.8,16,StrongFormulationAndBoosting,92,15,2806,1,-79.7095,1
8,9,0.8,16,StrongFormulationAndBoosting,22,22,13880,0,6862.56,0
8,9,0.8,16,StrongFormulationAndBoosting,28,76,12847,0.266685,0,1
8,9,0.8,16,StrongFormulationAndBoosting,75,48,10189,0.159174,0,0
8,9,0.8,16,StrongFormulationAndBoosting,91,81,2658,0.993558,0,1
8,9,0.8,16,StrongFormulationAndBoosting,65,65,2363,1,-1504.54,1
8,9,0.8,16,StrongFormulationAndBoosting,96,65,8712,0.461438,0,0
8,9,0.8,16,StrongFormulationAndBoosting,100,1150,14766,1,0,1
8,9,0.8,16,StrongFormulationAndBoosting,52,29,5169,0.373857,0,0
8,9,0.8,16,StrongFormulationAndBoosting,27,28,1625,0.473154,0,0
8,9,0.8,16,StrongFormulationAndBoosting,23,48,3249,1,-6231.89,1
8,9,0.8,16,StrongFormulationAndBoosting,90,81,12404,0.900036,0,1
8,9,0.8,16,StrongFormulationAndBoosting,44,34,6793,0,912.83,1
8,9,0.8,16,StrongFormulationAndBoosting,96,46,9746,0.52812,0,1
8,9,0.8,16,StrongFormulationAndBoosting,31,41,4135,1,-286.008,1
8,9,0.8,16,StrongFormulationAndBoosting,100,1150,14766,0.202481,0,0
8,9,0.8,16,StrongFormulationAndBoosting,24,78,10337,0.562962,0,1
8,9,0.8,16,StrongFormulationAndBoosting,42,68,1477,1,-3656.76,1
8,9,0.8,16,StrongFormulationAndBoosting,91,29,6055,0,690.366,1
8,9,0.8,16,StrongFormulationAndBoosting,97,29,6940,0.173235,0,0
8,9,0.8,16,StrongFormulationAndBoosting,97,62,13290,0,7467.58,0
8,9,0.8,16,StrongFormulationAndBoosting,84,46,14619,0,9670.79,0
8,9,0.8,16,StrongFormulationAndBoosting,84,34,10780,0.0613225,0,0
8,9,0.8,16,StrongFormulationAndBoosting,71,65,10337,0,3239.56,0
8,9,0.8,16,StrongFormulationAndBoosting,100,1150,14766,0.432821,0,1
8,9,0.8,16,StrongFormulationAndBoosting,42,38,13290,0,0,0
8,9,0.8,16,StrongFormulationAndBoosting,58,32,7679,0.476698,0,0
8,9,0.8,16,StrongFormulationAndBoosting,26,13,3840,0,286.268,0
8,9,0.8,16,StrongFormulationAndBoosting,91,11,9598,0,4772.67,0
8,9,0.8,16,StrongFormulationAndBoosting,28,44,11370,0,714.101,0
8,9,0.8,16,StrongFormulationAndBoosting,32,50,3101,1,-4541.85,1
8,9,0.8,16,StrongFormulationAndBoosting,41,15,7679,0.615756,0,0
8,9,0.8,16,StrongFormulationAndBoosting,100,1150,14766,0.148884,0,0
8,9,0.8,16,StrongFormulationAndBoosting,54,73,9746,0.797519,0,1
8,9,0.8,16,StrongFormulationAndBoosting,26,65,6202,0.764852,0,1
8,9,0.8,16,StrongFormulationAndBoosting,79,68,5021,1,-397.748,1
8,9,0.8,16,StrongFormulationAndBoosting,62,25,5612,0.370987,0,0
8,9,0.8,16,StrongFormulationAndBoosting,92,15,11075,0,6218.39,0
8,9,0.8,16,StrongFormulationAndBoosting,83,69,6793,0.235148,0,0
8,9,0.8,16,StrongFormulationAndBoosting,86,30,2363,1,-3058.62,1
8,9,0.8,16,StrongFormulationAndBoosting,60,61,8565,0.0862639,0,1
8,9,0.8,16,StrongFormulationAndBoosting,100,1150,14766,0.629013,0,1
8,9,0.8,16,StrongFormulationAndBoosting,69,38,4726,0,640.886,0
8,9,0.8,16,StrongFormulationAndBoosting,20,27,5759,0.679615,0,1
8,9,0.8,16,StrongFormulationAndBoosting,41,60,10632,0.216644,0,0
8,9,0.8,16,StrongFormulationAndBoosting,79,26,3544,0.070576,0,0
8,9,0.8,16,StrongFormulationAndBoosting,74,60,12256,0,6593.87,0
8,9,0.8,16,StrongFormulationAndBoosting,59,63,7383,0,1533.25,0
8,9,0.8,16,StrongFormulationAndBoosting,74,57,1920,0.181511,0,0
8,9,0.8,16,StrongFormulationAndBoosting,100,1150,14766,0.0759736,0,0
8,9,0.8,16,StrongFormulationAndBoosting,96,66,8565,0.924026,0,1
8,9,0.8,16,StrongFormulationAndBoosting,75,32,2363,1,-2593.4,1
8,9,0.8,16,StrongFormulationAndBoosting,99,18,10927,0,3461.19,0
8,9,0.8,16,StrongFormulationAndBoosting,24,69,10484,0.924026,0,1
8,9,0.8,16,StrongFormulationAndBoosting,77,47,13290,0,0,0
8,9,0.8,16,StrongFormulationAndBoosting,69,19,10337,0,0,0
8,9,0.8,16,StrongFormulationAndBoosting,72,35,11370,0,970.975,0
8,9,0.8,16,StrongFormulationAndBoosting,100,1150,14766,0.0759736,0,0
8,9,0.8,16,StrongFormulationAndBoosting,44,20,7531,0.393944,0,0
8,9,0.8,16,StrongFormulationAndBoosting,99,52,10632,0,0,0
8,9,0.8,16,StrongFormulationAndBoosting,83,36,1920,0.293383,0,0
8,9,0.8,16,StrongFormulationAndBoosting,81,49,6793,0.188026,0,0
8,9,0.8,16,StrongFormulationAndBoosting,92,81,11813,0.896984,0,1
8,9,0.8,16,StrongFormulationAndBoosting,21,35,2215,1,-139.022,1
8,9,0.8,16,StrongFormulationAndBoosting,100,1150,14766,0.312693,0,1
8,9,0.8,16,StrongFormulationAndBoosting,67,44,4283,0.103287,0,0
8,9,0.8,16,StrongFormulationAndBoosting,89,22,1772,0.764852,0,1
8,9,0.8,16,StrongFormulationAndBoosting,34,26,4726,0.659469,0,1
8,9,0.8,16,StrongFormulationAndBoosting,63,12,4430,0,1492.03,0
8,9,0.8,16,StrongFormulationAndBoosting,64,64,5316,1,0,1
8,9,0.8,16,StrongFormulationAndBoosting,40,54,8417,0.867641,0,1
8,9,0.8,16,StrongFormulationAndBoosting,11,76,10780,0.0858212,0,0
8,9,0.8,16,StrongFormulationAndBoosting,61,52,11370,0.350535,0,0
4,3,0,64,StrongFormulationAndBoosting,100,613,6005,0,0,0
4,3,0,64,StrongFormulationAndBoosting,54,118,2462,0,0,0
4,3,0,64,StrongFormulationAndBoosting,45,219,3783,0,0,0
4,3,0,64,StrongFormulationAndBoosting,18,324,3723,0,870.706,0
4,3,0,64,StrongFormulationAndBoosting,13,150,2462,1,-1580.84,1
4,3,0,64,StrongFormulationAndBoosting,73,397,4144,0,0,0
4,3,0,64,StrongFormulationAndBoosting,57,287,4204,0,0,0
4,3,0,64,StrongFormulationAndBoosting,65,150,5164,0,0,0
4,3,0,64,StrongFormulationAndBoosting,61,77,781,0,0,0
4,3,0,64,StrongFormulationAndBoosting,100,613,6005,0,0,0
4,3,0,64,StrongFormulationAndBoosting,13,287,4444,0,0,0
4,3,0,64,StrongFormulationAndBoosting,92,166,3423,0,0,0
4,3,0,64,StrongFormulationAndBoosting,13,312,1802,1,0,1
4,3,0,64,StrongFormulationAndBoosting,93,279,3663,1,0,1
4,3,0,64,StrongFormulationAndBoosting,66,267,5164,0,0,0
4,3,0,64,StrongFormulationAndBoosting,100,613,6005,0,4996.13,0
4,3,0,64,StrongFormulationAndBoosting,27,384,5585,0,3480.87,0
4,3,0,64,StrongFormulationAndBoosting,76,186,1442,1,0,1
4,3,0,64,StrongFormulationAndBoosting,11,207,2402,0,0,0
4,3,0,64,StrongFormulationAndBoosting,25,186,5225,0,4046.31,0
4,3,0,64,StrongFormulationAndBoosting,31,336,721,0,0,0
4,3,0,64,StrongFormulationAndBoosting,100,613,6005,0,0,0
4,3,0,64,StrongFormulationAndBoosting,95,336,1081,0,0,0
4,3,0,64,StrongFormulationAndBoosting,50,259,3243,0,0,0
4,3,0,64,StrongFormulationAndBoosting,12,190,2943,0,0,0
4,3,0,64,StrongFormulationAndBoosting,15,235,5405,0,1434.22,0
4,3,0,64,StrongFormulationAndBoosting,20,178,4324,0,0,0
4,3,0,64,StrongFormulationAndBoosting,23,122,4804,0,2555.17,0
4,3,0,64,StrongFormulationAndBoosting,100,613,6005,0,4000.06,0
4,3,0,64,StrongFormulationAndBoosting,34,106,1261,1,0,1
4,3,0,64,StrongFormulationAndBoosting,72,336,5405,0,0,0
4,3,0,64,StrongFormulationAndBoosting,59,401,5285,0,3902.45,0
4,3,0,64,StrongFormulationAndBoosting,32,166,5825,0,2762.35,0
4,3,0,64,StrongFormulationAndBoosting,100,613,6005,0,4343.25,0
4,3,0,64,StrongFormulationAndBoosting,41,146,3063,0,0,0
4,3,0,64,StrongFormulationAndBoosting,73,251,3964,0,0,0
4,3,0,64,StrongFormulationAndBoosting,33,227,901,0,0,0
4,3,0,64,StrongFormulationAndBoosting,36,69,1742,0,0,0
4,3,0,64,StrongFormulationAndBoosting,100,613,6005,0,0,0
4,3,0,64,StrongFormulationAndBoosting,96,287,2883,0,1648.45,0
4,3,0,64,StrongFormulationAndBoosting,22,320,5765,0,213.748,0
4,3,0,64,StrongFormulationAndBoosting,59,324,901,1,0,1
4,3,0,64,StrongFormulationAndBoosting,38,275,3603,0,770.693,0
4,3,0,64,StrongFormulationAndBoosting,100,613,6005,0,0,0
4,3,0,64,StrongFormulationAndBoosting,41,194,3423,0,234.98,0
4,3,0,64,StrongFormulationAndBoosting,78,194,3603,0,1483.36,0
4,3,0,64,StrongFormulationAndBoosting,30,291,2582,1,-0.194141,1
4,3,0,64,StrongFormulationAndBoosting,42,380,3423,0,1352.31,0
4,3,0,64,StrongFormulationAndBoosting,63,57,2282,0,0,0
4,3,0,64,StrongFormulationAndBoosting,54,388,2883,0,0,0
4,3,0,64,StrongFormulationAndBoosting,97,320,2462,0,1798.34,0
4,3,0,64,StrongFormulationAndBoosting,100,613,6005,0,0,0
4,3,0,64,StrongFormulationAndBoosting,50,348,3003,1,0,1
4,3,0,64,StrongFormulationAndBoosting,35,356,4924,0,4402.17,0
4,3,0,64,StrongFormulationAndBoosting,34,150,2162,1,0,1
4,3,0,64,StrongFormulationAndBoosting,47,134,4084,0,2447.7,0
4,3,0,64,StrongFormulationAndBoosting,100,613,6005,0,0,0
4,3,0,64,StrongFormulationAndBoosting,48,227,3783,1,0,1
4,3,0,64,StrongFormulationAndBoosting,97,57,5405,0,0,0
4,3,0,64,StrongFormulationAndBoosting,70,372,1982,1,0,1